{
  "files": [
    {
      "filepath": "/Users/ciphercom/Documents/Projects/Tools/wave-collapse/test/index.bench.ts",
      "groups": [
        {
          "fullName": "test/index.bench.ts",
          "benchmarks": [
            {
              "id": "460298166_0",
              "sampleCount": 159,
              "name": "can handle basic small grids",
              "rank": 1,
              "rme": 1.6839661061176587,
              "totalTime": 502.38087799999926,
              "min": 2.785250000000019,
              "max": 6.4035840000000235,
              "hz": 316.49293785421554,
              "period": 3.159628163522008,
              "mean": 3.159628163522008,
              "variance": 0.11717194153315047,
              "sd": 0.3423038730910746,
              "sem": 0.027146462935233904,
              "df": 158,
              "critical": 1.96,
              "moe": 0.05320706735305845,
              "p75": 3.208082999999988,
              "p99": 4.834582999999952,
              "p995": 6.4035840000000235,
              "p999": 6.4035840000000235
            },
            {
              "id": "460298166_1",
              "sampleCount": 15,
              "name": "can handle basic middle grids",
              "rank": 3,
              "rme": 8.518740099876112,
              "totalTime": 526.7378729999998,
              "min": 29.99370900000008,
              "max": 48.19429200000013,
              "hz": 28.47716249178841,
              "period": 35.115858199999984,
              "mean": 35.115858199999984,
              "variance": 29.17386548871982,
              "sd": 5.4012836889687454,
              "sem": 1.3946054517011808,
              "df": 14,
              "critical": 2.145,
              "moe": 2.991428693899033,
              "p75": 40.93512499999997,
              "p99": 48.19429200000013,
              "p995": 48.19429200000013,
              "p999": 48.19429200000013
            },
            {
              "id": "460298166_2",
              "sampleCount": 10,
              "name": "can handle basic large grids",
              "rank": 5,
              "rme": 9.256729690525303,
              "totalTime": 4616.568624000001,
              "min": 396.26637500000015,
              "max": 553.450667000001,
              "hz": 2.166110982952432,
              "period": 461.65686240000014,
              "mean": 461.65686240000014,
              "variance": 3569.180847450509,
              "sd": 59.742621698838335,
              "sem": 18.89227579581271,
              "df": 9,
              "critical": 2.262,
              "moe": 42.73432785012835,
              "p75": 516.7769170000001,
              "p99": 553.450667000001,
              "p995": 553.450667000001,
              "p999": 553.450667000001
            },
            {
              "id": "460298166_3",
              "sampleCount": 46,
              "name": "can handle three-tiles small grids",
              "rank": 2,
              "rme": 14.335430216195292,
              "totalTime": 500.53691600000457,
              "min": 5.628917000000001,
              "max": 32.40120900000147,
              "hz": 91.9013134287973,
              "period": 10.881237304347925,
              "mean": 10.881237304347925,
              "variance": 27.566761961691313,
              "sd": 5.250405885423651,
              "sem": 0.7741301143540478,
              "df": 45,
              "critical": 2.015,
              "moe": 1.5598721804234064,
              "p75": 12.3924590000006,
              "p99": 32.40120900000147,
              "p995": 32.40120900000147,
              "p999": 32.40120900000147
            },
            {
              "id": "460298166_4",
              "sampleCount": 10,
              "name": "performs reasonable well on more complex large grids",
              "rank": 4,
              "rme": 4.458402971885874,
              "totalTime": 2561.6437090000018,
              "min": 231.8457500000004,
              "max": 285.91120800000135,
              "hz": 3.9037435084615013,
              "period": 256.16437090000016,
              "mean": 256.16437090000016,
              "variance": 254.92409594096748,
              "sd": 15.966342597507028,
              "sem": 5.049000851069125,
              "df": 9,
              "critical": 2.262,
              "moe": 11.42083992511836,
              "p75": 267.9603339999994,
              "p99": 285.91120800000135,
              "p995": 285.91120800000135,
              "p999": 285.91120800000135
            }
          ]
        }
      ]
    }
  ]
}