{
  "files": [
    {
      "filepath": "/Users/ciphercom/Documents/Projects/Tools/wave-collapse/test/index.bench.ts",
      "groups": [
        {
          "fullName": "test/index.bench.ts",
          "benchmarks": [
            {
              "id": "460298166_0",
              "sampleCount": 139,
              "name": "can handle basic small grids",
              "rank": 1,
              "rme": 6.253665083304011,
              "totalTime": 502.74317200000024,
              "min": 2.233333000000016,
              "max": 10.46545900000001,
              "hz": 276.48311850170677,
              "period": 3.6168573525179872,
              "mean": 3.6168573525179872,
              "variance": 1.8511203554514462,
              "sd": 1.3605588393933745,
              "sem": 0.11540109457516899,
              "df": 138,
              "critical": 1.96,
              "moe": 0.22618614536733123,
              "p75": 3.487292000000025,
              "p99": 10.122500000000002,
              "p995": 10.46545900000001,
              "p999": 10.46545900000001
            },
            {
              "id": "460298166_1",
              "sampleCount": 15,
              "name": "can handle basic middle grids",
              "rank": 3,
              "rme": 7.21687960728835,
              "totalTime": 532.291956,
              "min": 30.980000000000018,
              "max": 43.22091599999999,
              "hz": 28.180023821363175,
              "period": 35.4861304,
              "mean": 35.4861304,
              "variance": 21.38222400752837,
              "sd": 4.62409169540661,
              "sem": 1.1939353418430545,
              "df": 14,
              "critical": 2.145,
              "moe": 2.5609913082533518,
              "p75": 40.882082999999966,
              "p99": 43.22091599999999,
              "p995": 43.22091599999999,
              "p999": 43.22091599999999
            },
            {
              "id": "460298166_2",
              "sampleCount": 10,
              "name": "can handle basic large grids",
              "rank": 5,
              "rme": 7.019788867117373,
              "totalTime": 4600.185000000001,
              "min": 406.344916,
              "max": 515.5670419999997,
              "hz": 2.1738256178827586,
              "period": 460.01850000000013,
              "mean": 460.01850000000013,
              "variance": 2038.0437101298792,
              "sd": 45.14469747522824,
              "sem": 14.27600683009741,
              "df": 9,
              "critical": 2.262,
              "moe": 32.29232744968034,
              "p75": 501.34683400000176,
              "p99": 515.5670419999997,
              "p995": 515.5670419999997,
              "p999": 515.5670419999997
            },
            {
              "id": "460298166_3",
              "sampleCount": 27,
              "name": "can handle three-tiles small grids",
              "rank": 2,
              "rme": 18.567150682836957,
              "totalTime": 513.736874999995,
              "min": 10.114458000000013,
              "max": 38.55695799999921,
              "hz": 52.55608719930852,
              "period": 19.027291666666482,
              "mean": 19.027291666666482,
              "variance": 79.71903233298441,
              "sd": 8.928551524910656,
              "sem": 1.7183005421268702,
              "df": 26,
              "critical": 2.056,
              "moe": 3.5328259146128453,
              "p75": 25.61120800000026,
              "p99": 38.55695799999921,
              "p995": 38.55695799999921,
              "p999": 38.55695799999921
            },
            {
              "id": "460298166_4",
              "sampleCount": 10,
              "name": "performs reasonable well on more complex large grids",
              "rank": 4,
              "rme": 2.417579997578961,
              "totalTime": 2683.183001000005,
              "min": 253.38495800000055,
              "max": 279.6639579999992,
              "hz": 3.7269168730843423,
              "period": 268.3183001000005,
              "mean": 268.3183001000005,
              "variance": 82.23886238262804,
              "sd": 9.068564516097796,
              "sem": 2.867731897905173,
              "df": 9,
              "critical": 2.262,
              "moe": 6.4868095530615015,
              "p75": 277.13545800000065,
              "p99": 279.6639579999992,
              "p995": 279.6639579999992,
              "p999": 279.6639579999992
            }
          ]
        }
      ]
    }
  ]
}